index,eligible,earnings_normed
5,0,5288.5527
6,1,5445.7295
7,1,5051.804
8,1,5283.814
9,0,5841.5566
10,1,5818.4546
11,1,5752.9976
12,0,5331.881
13,0,5744.7812
14,0,5748.044
15,0,5935.1587
16,0,5773.9014
17,0,5650.046
18,1,5758.334
19,0,5442.3433
20,1,5219.5234
21,0,5234.842
22,0,5635.2627
23,0,5709.4507
24,0,5943.749
25,1,5123.8867
26,0,5534.7715
27,0,5655.0938
28,0,5384.8667
29,1,5442.758
30,0,6012.4834
31,1,5322.703
32,0,5813.96
33,1,5699.7227
34,0,5520.8765
35,0,5913.446
36,0,5404.949
37,0,5362.2812
38,0,5610.945
39,0,5957.8726
40,0,5460.7954
41,1,5292.128
42,0,5930.4976
43,0,5917.2725
44,0,5774.0283
45,1,5438.707
46,0,5525.474
47,1,5642.9927
48,1,5681.246
49,0,5789.4155
50,1,5543.5815
51,0,5018.201
52,0,5224.9937
53,0,5605.076
54,1,5389.6797
55,0,5358.9644
56,1,5265.345
57,0,5580.9707
58,1,5749.003
59,0,5239.3936
60,0,5528.801
61,0,5716.484
62,1,5362.521
63,1,5785.6
64,0,5527.663
65,0,5304.206
66,0,5782.127
67,0,5916.408
68,0,5453.768
69,1,5336.152
70,0,5121.525
71,0,5330.3516
72,0,5710.1836
73,1,5491.627
74,0,5518.156
75,1,5077.6187
76,0,5653.095
77,1,5376.289
445,0,4961.515
446,0,5447.4556
447,0,5718.38
448,1,5509.551
449,0,5271.9844
450,0,5187.989
451,0,5877.879
452,1,5043.1553
453,0,5405.939
454,0,5474.704
455,0,5345.4653
456,1,5271.577
457,1,5311.7407
458,1,5266.338
459,0,5299.4946
460,0,5799.0674
461,0,5401.589
462,0,5526.82
463,0,5420.875
464,0,5734.7944
465,1,5344.455
466,0,5647.591
467,0,5302.416
468,0,5361.1455
469,0,5309.9434
470,1,5443.01
471,0,5893.742
472,0,5641.282
473,1,5194.369
474,1,5246.587
475,0,5214.0723
476,1,5276.009
477,0,5544.286
478,1,5445.7295
479,1,5617.0806
480,1,5648.6416
481,1,5165.9546
482,0,5506.656
483,0,5743.607
484,0,5075.7163
485,0,5816.9585
486,1,5630.76
487,1,5712.806
488,0,5930.1646
489,1,5002.292
490,0,5593.2627
491,0,5246.2334
492,0,5537.8545
493,0,5854.505
494,1,5406.316
495,0,5863.9287
496,1,5655.5366
497,0,5453.8467
498,1,5702.3613
499,1,5396.608
500,0,5956.488
501,1,5078.1855
502,1,5635.0884
503,0,5849.2275
504,0,5685.341
505,0,5478.4487
506,0,5661.4287
507,0,5672.149
508,0,5480.8657
509,1,5725.381
510,0,5705.0684
511,0,5696.8804
512,0,5369.277
513,0,5173.676
514,0,5540.024
515,1,5237.538
516,0,5420.4624
517,0,5298.4966
889,1,5615.0283
890,1,5049.669
891,0,5090.882
892,0,5429.2393
893,0,5294.2974
894,0,5733.617
895,1,5698.589
896,1,5461.4756
897,0,4902.7583
898,1,5452.077
899,1,4805.9014
900,1,4949.3535
901,1,5457.711
902,0,5714.8354
903,0,5547.3037
904,0,5439.7974
905,0,5231.1626
906,1,5329.206
907,1,5255.4155
908,0,5376.18
909,0,5088.379
910,1,5356.465
911,1,5325.3813
912,1,5075.399
913,0,5355.532
914,0,5452.595
915,0,5060.119
916,0,5194.8354
917,0,5281.665
918,1,5593.163
919,0,5314.401
920,1,4875.1367
921,0,5079.205
922,0,5200.1387
923,0,5426.318
924,0,5065.1523
925,0,5217.223
926,1,4974.3813
927,0,5616.3306
928,1,5616.4453
929,0,5091.763
930,0,4791.3994
931,1,5181.1084
932,0,5208.098
933,0,5315.4443
934,0,5682.925
935,0,5602.1787
936,1,5500.81
937,0,5075.2427
938,0,5497.1455
939,0,5488.6626
940,0,5244.0186
941,1,5084.032
942,0,5668.527
943,1,5483.423
944,1,5383.279
945,0,5340.578
946,0,5244.6743
947,0,5529.1294
948,0,5308.9604
949,0,5014.328
950,0,5105.295
951,0,5173.87
952,0,5626.835
953,0,5517.4053
954,0,5273.175
955,0,5420.843
956,1,4883.1846
957,1,5276.9863
958,0,5630.7417
959,0,5484.7285
960,1,4863.1836
961,0,5515.943
1329,1,5353.7217
1330,0,4916.792
1331,0,5327.091
1332,0,5388.0835
1333,0,5347.934
1334,1,5314.2437
1335,0,5559.454
1336,0,4982.4204
1337,1,4787.2676
1338,0,5258.1294
1339,0,5116.5127
1340,0,5547.2617
1341,0,5434.5093
1342,0,5408.7393
1343,0,5428.253
1344,1,4897.606
1345,0,5157.2886
1346,0,5023.5083
1347,1,5276.0215
1348,0,5147.1357
1349,0,5347.6484
1350,0,5397.285
1351,0,4954.2876
1352,0,5174.9985
1353,1,5572.5786
1354,0,5006.192
1355,1,4795.1216
1356,0,4897.4165
1357,0,5438.1567
1358,1,5320.592
1359,0,5191.039
1360,1,4716.5205
1361,1,5175.256
1362,0,4677.9907
1363,1,5172.5225
1364,1,5485.9614
1365,1,4975.9067
1366,0,5110.9185
1367,1,5106.0933
1368,0,5342.098
1369,1,5260.787
1370,1,5490.2705
1371,0,5339.331
1372,1,4720.3267
1373,1,5383.435
1374,0,5148.1973
1375,0,5002.617
1376,0,5182.788
1377,0,5344.41
1378,0,5190.102
1379,0,5191.23
1380,0,5203.2026
1381,1,5332.399
1382,0,5398.177
1383,0,5061.4424
1384,0,5099.3604
1385,0,4812.411
1386,1,4865.7485
1387,1,4899.9507
1388,0,5174.853
1389,0,5176.152
1390,1,5441.497
1391,1,5207.108
1392,1,5173.3667
1393,1,4951.059
1394,0,5500.7983
1395,0,5562.766
1396,0,4968.151
1397,0,5440.1484
1398,0,5225.6904
1399,0,5532.7275
1400,0,5000.012
1401,0,5204.9067
1773,0,5741.8745
1774,0,5835.3657
1775,0,5736.147
1776,0,5405.9565
1777,1,5711.65
1778,1,5169.194
1779,1,5973.0957
1780,0,6197.164
1781,0,5886.055
1782,0,5643.235
1783,0,5343.016
1784,1,5966.035
1785,1,5312.579
1786,0,5596.7285
1787,0,5113.5693
1788,1,5188.4136
1789,0,5718.4424
1790,1,5772.1084
1791,1,5820.923
1792,0,5744.097
1793,0,5560.864
1794,1,5939.2627
1795,0,5634.6323
1796,1,5377.5527
1797,1,5563.2524
1798,0,5442.664
1799,0,5921.7324
1800,0,5845.2476
1801,0,5385.4736
1802,0,5415.398
1803,1,5742.453
1804,0,5764.1416
1805,0,5664.5703
1806,0,5483.431
1807,0,5811.5825
1808,1,5424.777
1809,0,5905.51
1810,0,5724.1714
1811,1,5369.2173
1812,0,5436.454
1813,0,5587.0645
1814,0,5811.0015
1815,1,5605.692
1816,0,5811.1143
1817,0,5944.879
1818,0,5541.0537
1819,1,5738.9917
1820,0,5558.8716
1821,0,5650.717
1822,0,5786.196
1823,1,5602.0376
1824,1,5358.3657
1825,0,5391.614
1826,0,5599.102
1827,1,5713.9854
1828,1,5278.9976
1829,1,5439.0684
1830,0,5025.619
1831,1,5538.258
1832,0,5594.98
1833,0,5372.2354
1834,1,5993.54
1835,0,5654.3037
1836,0,5490.9204
1837,0,5802.29
1838,1,5725.2515
1839,0,5852.9185
1840,0,5469.2554
1841,0,5805.0137
1842,0,5835.3315
1843,0,6001.3066
1844,0,5807.1846
1845,1,5416.6665
2213,1,5554.7905
2214,0,5304.0933
2215,0,5556.4473
2216,0,5236.5244
2217,0,5588.9185
2218,0,5421.4136
2219,0,5537.612
2220,1,5267.936
2221,0,5381.193
2222,0,5257.234
2223,1,5079.631
2224,0,5551.2915
2225,0,5191.0625
2226,1,5303.7686
2227,0,5419.0728
2228,1,5754.4536
2229,1,5479.154
2230,0,5707.451
2231,0,5584.031
2232,0,5277.3613
2233,1,5300.113
2234,0,5605.363
2235,1,5636.5317
2236,1,5079.9834
2237,0,5300.0654
2238,0,5505.7725
2239,0,5653.9946
2240,0,4818.191
2241,0,5506.514
2242,0,5419.798
2243,1,5812.1274
2244,0,5716.864
2245,0,5483.985
2246,0,5591.2666
2247,0,5289.1777
2248,1,5731.2217
2249,0,5461.724
2250,1,5505.4624
2251,0,5636.5625
2252,0,5502.109
2253,0,5171.264
2254,1,5029.637
2255,0,5277.9814
2256,0,5300.552
2257,0,5413.434
2258,0,5654.661
2259,1,5529.9346
2260,1,5167.0854
2261,1,5425.7944
2262,0,5771.8784
2263,1,5774.3447
2264,1,5370.6606
2265,1,5179.458
2266,1,5647.132
2267,0,5616.8457
2268,0,5806.0244
2269,1,5177.6035
2270,0,4986.82
2271,0,5557.4272
2272,0,5372.2476
2273,0,5440.7065
2274,0,5727.001
2275,1,5534.386
2276,1,5419.142
2277,0,5521.561
2278,1,5367.157
2279,0,5623.176
2280,0,5482.068
2281,0,5654.145
2282,0,5671.7397
2283,0,5276.8047
2284,0,5588.788
2285,1,5220.5776
2657,1,6028.263
2658,0,5625.1973
2659,0,6127.6597
2660,1,5455.494
2661,1,5615.1255
2662,0,5288.135
2663,0,5854.455
2664,0,5918.513
2665,0,5724.8413
2666,0,5473.764
2667,1,5534.79
2668,1,5980.9434
2669,0,6161.1006
2670,0,5730.585
2671,1,5535.928
2672,0,5962.049
2673,0,5873.1143
2674,1,5098.35
2675,0,5509.373
2676,0,6154.923
2677,0,6222.78
2678,1,5748.7734
2679,0,6043.0303
2680,0,5857.737
2681,1,5567.1934
2682,0,5946.4
2683,0,5901.905
2684,0,5807.02
2685,0,5749.2856
2686,0,5996.2285
2687,0,5381.5977
2688,1,5671.9966
2689,0,5782.6357
2690,0,5894.616
2691,1,5383.203
2692,0,5476.61
2693,0,6257.086
2694,1,5564.814
2695,0,5673.06
2696,0,5631.1084
2697,0,6501.905
2698,0,5167.428
2699,1,5756.4556
2700,0,5737.326
2701,0,5590.1235
2702,0,5990.433
2703,0,5543.0103
2704,1,5513.6245
2705,0,5889.419
2706,1,5722.188
2707,1,5611.087
2708,1,5676.3125
2709,1,5739.444
2710,1,5857.762
2711,0,5547.8135
2712,0,5774.8174
2713,0,5572.775
2714,0,5581.752
2715,0,5710.22
2716,1,5883.135
2717,1,5819.8438
2718,1,5408.477
2719,0,5516.9946
2720,0,5788.2095
2721,0,6035.8975
2722,0,6028.0767
2723,0,5904.031
2724,0,5634.919
2725,0,6236.678
2726,1,5682.8696
2727,0,5988.6465
2728,1,5251.7876
2729,1,5823.795
3097,1,5418.6826
3098,0,5322.435
3099,1,5600.4595
3100,0,5104.699
3101,1,5230.461
3102,0,5756.7983
3103,1,5238.1914
3104,0,5367.692
3105,0,5679.919
3106,0,5350.5063
3107,1,5712.557
3108,1,5297.435
3109,1,5684.6094
3110,1,5226.109
3111,0,5651.4346
3112,0,5379.8228
3113,1,5381.295
3114,0,5377.4326
3115,1,5259.333
3116,0,5534.2954
3117,0,5634.845
3118,0,5873.748
3119,0,6062.7837
3120,0,5880.6694
3121,0,5536.0063
3122,1,5566.3584
3123,1,4968.0947
3124,0,5704.845
3125,0,5442.316
3126,1,5570.62
3127,0,5673.085
3128,0,5525.384
3129,0,5190.729
3130,0,5625.947
3131,1,5416.3696
3132,1,5042.689
3133,0,5967.218
3134,1,5422.6934
3135,1,5444.059
3136,0,5435.544
3137,1,5563.0317
3138,1,5608.0176
3139,0,5645.953
3140,1,5384.729
3141,0,5942.898
3142,0,5517.617
3143,0,5831.6543
3144,0,5079.9233
3145,1,5334.1294
3146,0,5603.553
3147,0,5302.776
3148,0,5820.537
3149,0,5415.187
3150,0,5588.9556
3151,0,5556.2393
3152,0,5725.9736
3153,0,5372.498
3154,0,5630.593
3155,0,5505.2383
3156,0,5687.267
3157,0,5991.0757
3158,1,5470.9883
3159,1,5430.2466
3160,0,5330.945
3161,0,5608.514
3162,1,5752.139
3163,0,5382.5215
3164,1,5548.404
3165,0,5805.3237
3166,0,5744.931
3167,0,5474.6597
3168,0,5829.961
3169,0,5562.1357
3543,0,5875.9424
3544,0,6150.9116
3545,1,6066.0376
3546,0,5589.3027
3547,1,5974.2935
3548,1,6064.8613
3549,0,5655.569
3550,0,5619.7627
3551,0,5575.8594
3552,1,6360.051
3553,0,6050.5645
3554,0,5870.1353
3555,0,6187.1177
3556,0,5889.907
3557,1,5420.3916
3558,1,5836.949
3559,0,5748.887
3560,0,5829.7183
3561,0,5852.7227
3562,0,5946.4873
3563,1,5624.8755
3564,0,5843.4746
3565,1,5399.7876
3566,0,5577.932
3567,0,5691.033
3568,1,5483.9307
3569,1,5705.932
3570,0,5398.9604
3571,1,5631.563
3572,1,5558.904
3573,0,5544.9707
3574,0,5687.0415
3575,1,5741.0244
3576,1,5502.2666
3577,0,5968.2383
3578,1,5606.814
3579,1,5895.1245
3580,0,6019.7207
3581,0,6228.2124
3582,0,6196.5522
3583,0,5593.4385
3584,0,5995.103
3585,0,5797.207
3586,1,5971.819
3587,0,5843.768
3588,1,5468.291
3589,0,5680.1436
3590,0,5827.6064
3591,0,5617.1216
3592,0,5899.8423
3593,0,5980.998
3594,0,5696.054
3595,0,6092.648
3596,0,5788.1016
3597,0,5367.836
3598,1,5911.0723
3599,1,5658.686
3600,1,5632.3555
3601,0,5891.093
3602,0,5857.179
3603,0,5919.511
3604,0,6182.666
3605,0,5584.277
3606,1,5839.843
3607,0,6189.121
3608,0,5872.2783
3609,0,5948.8457
3610,1,5711.1055
3611,0,5991.2324
3612,0,6047.7476
3613,1,5376.9995
3614,1,5700.264
3615,0,5903.5273
3983,0,5538.1704
3984,1,5178.766
3985,1,6047.303
3986,1,5652.344
3987,0,5579.4194
3988,1,5333.6284
3989,1,5532.526
3990,0,5356.667
3991,0,5085.7583
3992,1,5234.7617
3993,1,5339.0654
3994,1,5322.8745
3995,0,5533.496
3996,0,5675.434
3997,0,5562.8228
3998,1,5429.803
3999,0,5429.674
4000,0,5647.101
4001,0,5811.349
4002,1,5225.0835
4003,0,5440.0605
4004,1,5574.1494
4005,0,5726.526
4006,0,5585.1123
4007,0,5560.766
4008,1,5666.4854
4009,1,5426.044
4010,0,5263.1445
4011,0,5407.729
4012,1,5474.1724
4013,0,5372.03
4014,0,5857.109
4015,0,5430.653
4016,1,5657.972
4017,0,5484.63
4018,0,5582.4927
4019,1,5175.7974
4020,0,5794.2417
4021,0,5510.0303
4022,1,5207.698
4023,0,5669.1265
4024,0,5814.331
4025,0,5328.9043
4026,0,5395.751
4027,1,5380.1787
4028,0,5843.5034
4029,0,5647.9556
4030,0,5538.978
4031,0,5550.847
4032,0,5561.845
4033,1,5712.877
4034,1,5656.388
4035,1,5483.737
4036,1,5155.3174
4037,1,5659.108
4038,0,5166.302
4039,0,5300.384
4040,0,5874.772
4041,0,5551.644
4042,0,5611.3525
4043,0,5461.971
4044,0,5696.212
4045,0,5610.272
4046,0,5657.86
4047,0,5575.3027
4048,0,5220.16
4049,0,5287.3564
4050,1,5339.6265
4051,0,5610.658
4052,1,5189.5625
4053,0,5284.6157
4054,0,5586.0796
4055,0,5701.081
4423,0,7447.1875
4424,0,14680.527
4425,1,6520.8994
4426,0,6358.2705
4427,0,11903.166
4428,0,8047.347
4429,0,5919.6216
4430,0,9571.868
4431,0,5904.8823
4432,0,6327.5405
4433,1,6986.5747
4434,0,11370.436
4435,1,5853.711
4436,0,6704.9937
4437,1,6324.087
4438,0,9849.072
4439,0,5622.0884
4440,1,7699.706
4441,1,5557.978
4442,1,6086.718
4443,1,7006.681
4444,0,6104.754
4445,0,8440.064
4446,0,10336.869
4447,0,5966.1377
4448,0,11008.342
4449,1,7701.4487
4450,0,7971.1753
4451,0,6351.656
4452,0,10639.246
4453,0,8536.529
4454,0,6364.042
4455,0,6442.765
4456,1,6216.27
4457,0,7615.3496
4458,0,9594.505
4459,1,15136.269
4460,0,8181.4272
4461,0,6870.7627
4462,1,20114.97
4463,1,6044.8657
4464,0,5954.121
4465,0,11511.441
4466,1,9658.741
4467,0,11751.522
4468,1,13915.584
4469,1,9157.352
4470,0,13147.094
4471,0,7756.0547
4472,0,15221.883
4473,0,5699.3887
4474,0,5675.2363
4475,1,6092.505
4476,0,5422.5713
4477,1,5619.191
4478,0,6050.011
4479,0,6157.885
4480,1,8360.681
4481,0,5478.4053
4482,0,5724.3027
4483,0,5975.197
4484,0,5884.6445
4485,1,5575.6953
4486,0,7132.93
4487,0,8291.298
4488,1,9597.443
4489,1,12971.782
4490,1,7851.8633
4491,0,6266.4
4492,1,5723.368
4493,0,12698.654
4494,0,9253.867
4495,1,6001.468
4869,1,5559.043
4870,1,5895.554
4871,0,5270.489
4872,0,5744.147
4873,0,5527.3535
4874,1,5203.5776
4875,0,5726.907
4876,0,5355.7803
4877,0,5348.312
4878,0,5517.401
4879,0,5605.6187
4880,0,5602.5635
4881,0,5455.088
4882,0,5722.5933
4883,0,5156.4297
4884,0,5797.906
4885,0,5628.594
4886,0,5601.264
4887,0,5746.713
4888,1,5578.721
4889,1,5399.177
4890,0,5421.5933
4891,0,5469.2866
4892,1,5832.1426
4893,1,5480.8257
4894,0,5277.5483
4895,1,5747.881
4896,1,5408.8633
4897,0,5665.8047
4898,0,5500.8145
4899,0,5206.056
4900,1,5187.8833
4901,0,5841.8066
4902,1,5347.827
4903,1,5644.8696
4904,0,5302.3516
4905,1,5205.9824
4906,1,4983.732
4907,0,5107.6997
4908,1,5427.952
4909,0,5619.4365
4910,1,5462.373
4911,0,5591.8647
4912,0,5071.707
4913,0,5435.6665
4914,0,5308.0874
4915,0,5633.096
4916,0,5292.9263
4917,1,5328.92
4918,0,5388.8467
4919,0,5318.624
4920,1,5297.535
4921,0,5338.9307
4922,1,5430.9805
4923,0,5257.0854
4924,1,5282.7295
4925,1,5650.722
4926,0,5558.106
4927,0,5425.975
4928,0,5967.667
4929,0,5326.24
4930,0,5314.6646
4931,0,5394.1255
4932,1,4869.49
4933,0,5267.123
4934,0,5664.211
4935,0,5075.3057
4936,1,5815.7925
4937,1,5558.7695
4938,1,5302.3975
4939,0,5220.873
4940,0,5634.2153
4941,0,5106.395
5309,1,5228.6904
5310,1,5133.253
5311,0,5202.932
5312,0,5021.9385
5313,0,4917.2065
5314,0,5313.377
5315,0,5179.969
5316,0,5368.4326
5317,1,5424.1504
5318,1,5251.022
5319,0,5506.1143
5320,0,5244.3877
5321,1,5578.954
5322,1,5177.782
5323,1,5303.357
5324,1,5125.527
5325,0,5538.795
5326,1,5225.5884
5327,0,5492.3887
5328,0,5386.854
5329,0,5039.4707
5330,0,5300.455
5331,0,5456.3647
5332,0,5304.4775
5333,0,5071.573
5334,1,5597.609
5335,1,5372.299
5336,0,5327.989
5337,0,4942.713
5338,1,5339.8384
5339,1,5622.04
5340,1,5311.6553
5341,0,5435.015
5342,0,5578.4956
5343,0,5094.2783
5344,1,4760.5576
5345,1,5426.1416
5346,0,5027.309
5347,0,5278.0405
5348,0,5203.206
5349,0,5591.4106
5350,1,5269.549
5351,1,5039.8545
5352,0,5574.0347
5353,1,5592.2373
5354,0,5138.749
5355,0,5119.236
5356,0,5760.3335
5357,0,5057.737
5358,0,5132.183
5359,1,5084.0986
5360,0,5456.1753
5361,0,5289.9707
5362,1,4827.014
5363,0,5173.775
5364,1,5149.842
5365,0,5082.96
5366,1,5208.274
5367,0,5079.4854
5368,0,5349.8022
5369,0,5281.745
5370,0,5435.2466
5371,0,5108.0273
5372,0,5356.2964
5373,0,5105.307
5374,1,5035.237
5375,0,5463.7363
5376,0,5355.3594
5377,0,5399.669
5378,0,5190.8613
5379,0,4950.808
5380,0,5266.0625
5381,1,5109.465
5749,1,6477.5586
5750,0,5254.5835
5751,0,7547.6865
5752,0,14531.745
5753,0,8225.95
5754,0,6076.6025
5755,0,5193.541
5756,1,5710.1675
5757,1,5328.69
5758,1,6003.674
5759,1,5570.3613
5760,0,5385.203
5761,1,5457.9653
5762,0,5504.261
5763,1,5141.822
5764,1,7769.0605
5765,0,5410.1797
5766,1,7284.7583
5767,1,4984.772
5768,0,5561.057
5769,0,5760.767
5770,0,6587.445
5771,1,5521.609
5772,0,5664.2993
5773,0,8179.5205
5774,0,5107.7134
5775,1,5464.883
5776,0,5476.657
5777,0,5332.2456
5778,0,5157.374
5779,0,5464.918
5780,1,7621.913
5781,1,8401.765
5782,0,5306.602
5783,0,5324.974
5784,0,5581.3022
5785,0,5559.8457
5786,0,5154.0103
5787,0,5727.3945
5788,0,5516.8994
5789,0,4961.299
5790,0,5347.6772
5791,1,16152.072
5792,0,5246.6377
5793,0,20874.035
5794,1,5423.412
5795,0,8400.766
5796,0,5910.197
5797,1,5889.7046
5798,0,6497.1997
5799,0,5906.386
5800,0,5163.9673
5801,0,5132.3037
5802,0,5485.4697
5803,0,6686.127
5804,1,5277.745
5805,1,4974.1577
5806,0,5611.7563
5807,1,5875.5073
5808,1,9584.275
5809,0,6190.2114
5810,1,5307.1973
5811,0,7941.88
5812,0,5220.044
5813,0,5156.8135
5814,0,5554.324
5815,1,5203.4297
5816,0,5282.7686
5817,0,5459.0264
5818,0,5653.586
5819,1,6139.565
5820,0,5583.694
5821,1,5377.5806
6195,0,4904.558
6196,0,4929.198
6197,1,4325.5806
6198,1,4667.2534
6199,0,4549.423
6200,1,4431.566
6201,0,4903.0215
6202,1,4669.7495
6203,0,4718.3027
6204,0,4548.199
6205,0,4386.476
6206,1,4614.015
6207,1,4493.925
6208,1,4681.2476
6209,0,4846.6494
6210,0,4319.522
6211,0,5055.309
6212,0,4644.793
6213,0,4647.3413
6214,1,4635.3726
6215,0,4483.356
6216,1,4833.3525
6217,0,4643.3335
6218,0,4430.3813
6219,0,4827.02
6220,0,4747.2676
6221,1,4749.2373
6222,0,4666.7935
6223,0,4582.121
6224,1,4610.9277
6225,0,4521.964
6226,1,4966.443
6227,0,4697.0435
6228,0,4685.956
6229,0,4687.4463
6230,0,4625.8247
6231,0,4700.396
6232,0,4774.102
6233,1,4688.3774
6234,0,4474.533
6235,1,4633.7466
6236,0,4874.2773
6237,1,4707.7773
6238,0,4659.2607
6239,1,4210.8716
6240,0,4737.093
6241,0,4939.408
6242,1,4796.7456
6243,0,4557.8936
6244,0,5004.9263
6245,1,4439.1333
6246,0,4911.2793
6247,0,4742.0156
6248,0,4936.7764
6249,0,4613.307
6250,0,5007.7656
6251,0,4816.102
6252,1,4835.6504
6253,0,4656.112
6254,0,4641.563
6255,1,4594.3623
6256,1,4778.175
6257,0,4502.7983
6258,1,4676.069
6259,0,4890.4326
6260,0,4527.7
6261,0,4745.6426
6262,0,4942.1445
6263,1,4810.531
6264,0,4694.7134
6265,0,4581.3584
6266,1,3998.5867
6267,1,4642.0024
6635,0,4483.834
6636,0,4718.304
6637,1,4533.2217
6638,0,4583.1455
6639,1,4487.769
6640,0,4781.111
6641,1,4338.925
6642,1,4407.4297
6643,1,4679.4536
6644,0,4410.976
6645,0,4427.511
6646,1,4568.3726
6647,1,4552.7544
6648,1,4478.067
6649,0,4469.953
6650,0,4437.0234
6651,1,4486.928
6652,0,4361.2935
6653,0,4585.4873
6654,0,4349.464
6655,0,4505.577
6656,0,4514.441
6657,0,4639.65
6658,1,4308.8604
6659,1,4647.031
6660,0,4525.762
6661,0,4656.8853
6662,0,4874.8223
6663,0,4682.801
6664,1,4560.2725
6665,0,4704.8877
6666,0,4561.604
6667,0,4542.283
6668,0,4833.0947
6669,0,4692.7124
6670,0,4440.909
6671,1,4794.3706
6672,0,4269.2725
6673,0,4246.689
6674,0,4544.099
6675,0,4565.133
6676,1,4113.007
6677,1,4669.326
6678,0,4481.38
6679,1,4305.03
6680,1,4590.4087
6681,1,4181.381
6682,0,4566.051
6683,1,3909.2925
6684,0,4182.5425
6685,0,4502.922
6686,1,4461.804
6687,0,4406.7256
6688,1,4508.9556
6689,0,4840.8345
6690,0,4496.035
6691,0,4712.1714
6692,0,4751.2393
6693,0,4378.299
6694,0,4586.718
6695,1,4620.293
6696,0,4384.866
6697,0,4459.661
6698,0,4443.208
6699,1,4462.843
6700,1,4420.141
6701,0,4556.5674
6702,0,4683.9043
6703,1,4607.759
6704,0,4540.025
6705,0,4537.5674
6706,0,4787.647
6707,0,4745.673
7075,0,4232.3135
7076,0,4798.6177
7077,1,4596.5757
7078,0,4484.3765
7079,0,5024.401
7080,0,6600.5283
7081,1,5249.7964
7082,0,4686.296
7083,0,8280.521
7084,0,4491.499
7085,0,5108.233
7086,0,4625.7334
7087,0,5205.7827
7088,0,4280.702
7089,0,4732.0083
7090,0,4715.0273
7091,0,4865.5283
7092,0,4452.654
7093,0,4652.475
7094,0,4393.259
7095,1,4893.0137
7096,0,4403.602
7097,0,4694.871
7098,0,5139.611
7099,0,4872.721
7100,0,4548.2446
7101,1,4486.433
7102,0,4401.0703
7103,1,4822.192
7104,0,4702.8325
7105,1,4296.818
7106,0,4763.281
7107,0,4279.094
7108,1,4546.789
7109,0,4952.8506
7110,0,4877.104
7111,1,4468.646
7112,1,7911.962
7113,0,4793.263
7114,1,4664.9043
7115,0,4749.4688
7116,0,5028.4004
7117,1,4686.938
7118,0,4819.3228
7119,1,5464.99
7120,0,4427.8574
7121,1,4816.348
7122,1,4932.319
7123,0,4420.3633
7124,0,4529.373
7125,0,4764.5645
7126,1,4678.3574
7127,0,4711.2183
7128,1,4917.032
7129,0,4822.994
7130,1,4166.7773
7131,1,4482.624
7132,0,4988.0527
7133,0,5032.393
7134,1,4559.7407
7135,1,4745.69
7136,0,5014.7314
7137,1,4662.6455
7138,0,4776.78
7139,1,4709.8784
7140,0,4855.196
7141,0,4650.6167
7142,1,4521.9077
7143,1,4947.914
7144,0,4707.637
7145,0,4635.677
7146,1,4758.224
7147,0,4609.3276
7521,0,4562.5815
7522,1,3817.4097
7523,0,4495.3315
7524,0,4113.7964
7525,1,4273.2974
7526,0,4367.522
7527,1,4044.9993
7528,0,4825.993
7529,0,4499.838
7530,1,4352.465
7531,0,4610.2524
7532,1,4259.5327
7533,1,4310.2275
7534,1,4430.9517
7535,0,4276.297
7536,0,4126.5938
7537,1,4354.5845
7538,0,4374.2305
7539,0,4408.2944
7540,0,4539.2217
7541,0,4256.2095
7542,0,4356.2983
7543,1,4435.644
7544,1,4701.3813
7545,0,4505.7275
7546,0,4058.2886
7547,0,4747.557
7548,0,4591.186
7549,1,4106.3433
7550,1,4269.949
7551,0,4386.1323
7552,0,4325.2817
7553,1,4249.3525
7554,0,4544.8447
7555,0,4524.922
7556,1,4356.5605
7557,0,3930.4888
7558,0,4203.387
7559,1,4278.5527
7560,0,4371.9536
7561,0,4119.0205
7562,1,4149.635
7563,0,4305.6543
7564,1,4267.183
7565,1,4523.2905
7566,0,4483.604
7567,0,4612.4604
7568,1,4362.5493
7569,1,4459.1377
7570,0,4253.341
7571,1,4602.7827
7572,1,4263.8384
7573,0,4636.196
7574,0,4215.8647
7575,0,4437.392
7576,0,4399.3774
7577,0,4320.7075
7578,1,4352.7163
7579,0,4188.2417
7580,0,4306.2095
7581,0,4573.2886
7582,0,4302.0933
7583,0,4327.923
7584,0,4527.964
7585,0,4396.5493
7586,0,4507.539
7587,1,4113.9243
7588,1,3882.9438
7589,0,4306.668
7590,0,4298.915
7591,0,4590.057
7592,0,4792.1772
7593,0,4259.486
7961,0,4437.819
7962,0,4127.848
7963,0,3976.1726
7964,0,4169.9404
7965,1,4320.354
7966,1,4183.861
7967,0,4573.0596
7968,0,4653.5024
7969,1,4026.312
7970,1,4018.9153
7971,0,4418.746
7972,1,4095.7766
7973,0,4299.9214
7974,0,4167.2627
7975,1,4224.251
7976,0,4261.2666
7977,0,4375.5664
7978,1,3745.7131
7979,1,4184.888
7980,0,4204.5854
7981,0,3984.0186
7982,0,3777.5403
7983,0,4587.41
7984,0,4282.536
7985,0,4241.4395
7986,0,4194.004
7987,1,4119.802
7988,1,4149.5684
7989,1,4291.461
7990,0,4169.4375
7991,0,4357.142
7992,1,4434.667
7993,0,4062.009
7994,0,4175.3267
7995,1,4233.6904
7996,0,4107.4707
7997,0,4383.815
7998,0,4041.0396
7999,0,4352.7324
8000,1,4216.3037
8001,1,4498.6943
8002,0,4356.3267
8003,0,4208.702
8004,0,4160.9873
8005,1,4380.9478
8006,1,3939.633
8007,0,4332.861
8008,0,4364.312
8009,1,4114.435
8010,0,4439.609
8011,0,4147.3594
8012,0,4315.9023
8013,0,4242.08
8014,1,3973.657
8015,0,4457.9326
8016,0,4230.6606
8017,1,4159.1426
8018,0,4017.2412
8019,0,4455.8325
8020,0,4141.342
8021,0,4310.615
8022,1,4183.4316
8023,1,4304.5684
8024,0,3994.789
8025,0,4428.4556
8026,0,4334.857
8027,1,4314.5796
8028,0,4467.6426
8029,1,4223.0273
8030,0,4099.182
8031,0,4189.656
8032,0,4286.323
8033,1,3818.8943
8401,0,4532.051
8402,0,4374.72
8403,0,4412.3667
8404,0,4195.2896
8405,0,4592.0938
8406,0,4388.357
8407,1,4220.0005
8408,1,4211.397
8409,0,4166.3096
8410,0,4754.595
8411,0,4653.043
8412,0,4200.212
8413,0,4631.226
8414,0,4504.1016
8415,0,4548.819
8416,0,4710.999
8417,0,4401.615
8418,0,4487.0176
8419,1,4000.3718
8420,0,4445.355
8421,0,4738.5786
8422,1,4458.418
8423,1,4834.327
8424,0,4488.7974
8425,1,4347.2446
8426,0,4238.3
8427,0,4162.1465
8428,1,6834.7676
8429,0,4241.754
8430,1,4319.955
8431,1,4499.4287
8432,1,4628.087
8433,0,4952.226
8434,1,4283.6626
8435,0,3957.2532
8436,1,4037.8145
8437,0,4728.448
8438,0,5067.246
8439,1,4555.7383
8440,0,4399.456
8441,0,4637.91
8442,0,4475.3296
8443,1,4239.4575
8444,1,4618.13
8445,1,4324.155
8446,0,4672.1826
8447,0,4694.1616
8448,0,4194.9478
8449,0,4208.745
8450,0,4281.3457
8451,1,4449.068
8452,1,4362.6475
8453,1,4429.565
8454,1,4641.665
8455,0,4355.1177
8456,0,4376.6206
8457,0,4511.5757
8458,0,4643.0396
8459,1,4352.517
8460,0,4546.4604
8461,0,4540.56
8462,0,4702.561
8463,1,4352.1475
8464,0,4344.6616
8465,0,4562.21
8466,1,4195.1807
8467,1,3954.2554
8468,0,4327.332
8469,0,4336.773
8470,0,4328.2935
8471,0,3954.772
8472,0,4619.9883
8473,1,4041.5305
8847,0,4307.282
8848,1,4117.8296
8849,1,4180.463
8850,0,4115.741
8851,0,4186.52
8852,0,3964.094
8853,1,4051.1501
8854,0,3829.0994
8855,0,3984.8027
8856,0,4201.7134
8857,0,4402.7793
8858,0,4105.2344
8859,0,4629.634
8860,0,4441.7783
8861,0,4275.02
8862,0,4109.3457
8863,0,3768.3613
8864,0,4360.515
8865,0,3957.07
8866,0,4278.9995
8867,1,4154.7295
8868,1,4194.5317
8869,0,4130.0205
8870,1,4122.641
8871,0,4163.3604
8872,1,4266.262
8873,0,4056.4087
8874,0,4305.07
8875,0,4276.945
8876,1,4193.3755
8877,0,4309.547
8878,0,4105.4956
8879,0,4411.176
8880,1,4331.9277
8881,0,4323.578
8882,0,4296.036
8883,0,4657.2236
8884,1,4108.3926
8885,0,4059.7478
8886,1,4378.8438
8887,0,4599.569
8888,0,4677.2812
8889,1,4334.008
8890,1,4109.0493
8891,0,4355.249
8892,0,3974.2773
8893,0,3969.3826
8894,0,4264.399
8895,0,4372.441
8896,0,4289.931
8897,0,4574.522
8898,0,4038.5618
8899,0,3892.1182
8900,0,4175.0195
8901,1,4156.518
8902,1,4335.8276
8903,1,4250.4663
8904,0,3970.2395
8905,0,4147.3237
8906,0,4265.481
8907,1,3922.8757
8908,1,4072.149
8909,1,4317.768
8910,1,3961.0234
8911,0,4160.798
8912,1,3848.436
8913,1,4000.8179
8914,1,4197.515
8915,1,3986.5127
8916,0,4077.353
8917,0,4341.2046
8918,0,4004.828
8919,1,4078.3677
9287,1,3935.1455
9288,1,3801.9807
9289,0,4121.832
9290,0,4116.8994
9291,0,4360.7705
9292,0,4066.8047
9293,1,3745.9727
9294,0,4279.8213
9295,0,4011.9102
9296,0,4094.0613
9297,0,4119.709
9298,0,4005.16
9299,1,4073.5234
9300,0,4350.539
9301,1,3972.5137
9302,0,4185.303
9303,0,4327.6753
9304,0,3801.6343
9305,1,4023.2761
9306,0,3736.2283
9307,0,4106.8887
9308,0,4065.0085
9309,0,3967.619
9310,1,4177.996
9311,0,4028.9163
9312,1,3856.544
9313,0,4122.1304
9314,0,3980.3613
9315,1,3960.6182
9316,1,4030.8223
9317,0,4104.308
9318,1,4112.746
9319,0,3844.5784
9320,0,4077.5527
9321,0,4023.4573
9322,0,3561.959
9323,1,4104.5063
9324,1,3891.0527
9325,1,4128.034
9326,0,3894.124
9327,1,3884.1084
9328,0,4051.1409
9329,0,4037.717
9330,0,3793.1965
9331,1,4132.362
9332,1,4107.1724
9333,0,3907.7502
9334,1,4044.0444
9335,0,3827.4675
9336,0,3705.466
9337,0,3977.9387
9338,0,3724.308
9339,1,3859.6597
9340,0,3985.485
9341,0,4036.877
9342,1,3989.15
9343,0,4114.332
9344,0,3791.1777
9345,1,3945.829
9346,0,3902.583
9347,1,3911.9617
9348,0,4016.3823
9349,0,4383.6025
9350,0,3934.5537
9351,1,4049.8662
9352,0,3910.808
9353,0,3882.406
9354,0,3901.789
9355,0,3967.484
9356,0,4099.4575
9357,0,3824.0955
9358,1,3711.8652
9359,1,3943.404
9727,1,4456.1807
9728,0,4408.108
9729,0,4138.971
9730,0,4356.705
9731,0,4514.1226
9732,0,4068.1797
9733,0,4194.2397
9734,1,4149.248
9735,0,3932.2107
9736,1,4647.361
9737,1,4380.547
9738,0,4559.2007
9739,0,4748.7344
9740,0,4316.088
9741,1,4302.8027
9742,0,4481.5845
9743,0,4345.825
9744,0,4274.997
9745,0,3901.726
9746,0,4749.718
9747,1,4308.986
9748,0,4740.333
9749,0,4165.118
9750,0,4669.1855
9751,0,4476.461
9752,0,4737.5
9753,0,4069.2502
9754,0,4222.966
9755,0,4257.7466
9756,1,4507.3984
9757,0,4279.0513
9758,1,4378.376
9759,0,4428.024
9760,1,4162.715
9761,0,4048.5332
9762,0,4485.588
9763,0,4102.549
9764,0,4282.8105
9765,0,4223.51
9766,0,4360.542
9767,0,3979.1785
9768,0,4102.229
9769,0,4450.783
9770,0,4077.6772
9771,0,4315.521
9772,1,4213.7725
9773,0,4162.8257
9774,1,3970.6592
9775,0,4809.605
9776,1,4101.6846
9777,1,3989.9233
9778,0,4200.6
9779,0,3977.9875
9780,0,4170.4204
9781,1,3898.919
9782,1,4199.421
9783,1,4103.4077
9784,0,4316.182
9785,1,4079.5942
9786,1,4389.896
9787,1,4341.069
9788,0,4027.5679
9789,0,4138.241
9790,1,4289.046
9791,0,4563.1733
9792,1,5561.2314
9793,1,4253.4565
9794,0,4295.1797
9795,1,3924.9766
9796,1,4179.7104
9797,0,4272.437
9798,1,4245.129
9799,0,4247.5615
10173,0,4314.8447
10174,0,3889.1057
10175,0,4061.4993
10176,0,4255.6475
10177,0,4234.8105
10178,0,4178.245
10179,1,4265.8
10180,0,4178.752
10181,0,4309.3535
10182,1,4145.9434
10183,0,4490.5293
10184,0,4059.4165
10185,0,4599.483
10186,0,4054.7803
10187,0,4365.7285
10188,0,4146.851
10189,0,4545.067
10190,1,3985.1567
10191,1,4177.2856
10192,1,4279.27
10193,1,3976.25
10194,1,3913.737
10195,1,4317.7134
10196,0,4216.0737
10197,0,4292.661
10198,1,4188.976
10199,1,4358.2207
10200,0,4339.2266
10201,1,4295.23
10202,0,4435.3394
10203,0,4122.9785
10204,1,3984.5237
10205,1,3936.7344
10206,0,4074.5142
10207,1,4124.416
10208,0,4209.863
10209,0,4401.348
10210,0,4069.1433
10211,0,4400.0347
10212,0,4459.103
10213,0,4353.719
10214,1,4394.463
10215,0,4265.2563
10216,0,4117.848
10217,0,4261.1445
10218,1,4354.62
10219,0,4104.4473
10220,0,4717.8755
10221,1,4223.015
10222,0,4289.9126
10223,0,4286.6865
10224,1,4072.5227
10225,0,4118.3486
10226,0,4736.9
10227,0,4428.8076
10228,1,3828.8464
10229,0,4447.755
10230,0,4334.6577
10231,0,4059.307
10232,0,4494.031
10233,1,4245.9956
10234,0,4248.0796
10235,0,3738.569
10236,0,4102.859
10237,1,4411.249
10238,1,4049.8875
10239,0,4071.9346
10240,0,4589.2534
10241,0,4163.679
10242,1,4082.074
10243,1,4090.5103
10244,1,4504.952
10245,0,4121.1885
10613,0,3863.2444
10614,0,4215.2188
10615,1,4274.4185
10616,0,4039.0798
10617,0,4080.0947
10618,0,4266.1294
10619,0,4181.123
10620,1,4194.538
10621,1,3936.1938
10622,1,3851.1926
10623,0,3900.5295
10624,0,3918.6362
10625,0,4055.3088
10626,1,4078.4773
10627,1,4172.129
10628,0,4131.2354
10629,0,4024.1272
10630,1,4237.5034
10631,0,3937.945
10632,0,4124.3496
10633,0,4092.761
10634,0,4039.7798
10635,1,4014.383
10636,1,3982.3857
10637,1,3740.3997
10638,0,4096.6978
10639,1,3937.1855
10640,0,3875.8706
10641,0,4373.808
10642,0,4106.169
10643,0,3962.8625
10644,1,4136.7104
10645,0,4023.8916
10646,0,4186.148
10647,1,4128.081
10648,0,4088.0857
10649,0,4169.865
10650,0,4348.6597
10651,1,3986.6262
10652,0,4001.0925
10653,0,3772.6655
10654,0,3558.2742
10655,0,3964.98
10656,0,4402.65
10657,0,3900.355
10658,1,3968.593
10659,1,4205.153
10660,0,3953.6746
10661,1,4135.76
10662,0,4073.7505
10663,0,4216.947
10664,1,3849.4165
10665,1,3835.2808
10666,0,4295.487
10667,0,4102.731
10668,0,3941.1245
10669,0,4306.009
10670,0,3873.0664
10671,0,3903.518
10672,0,3850.4966
10673,1,3734.337
10674,1,4076.8704
10675,1,3794.7756
10676,0,4237.977
10677,0,3992.0854
10678,0,4249.568
10679,0,4092.524
10680,0,3980.675
10681,1,3970.0771
10682,0,4138.8936
10683,1,3747.164
10684,0,4015.4656
10685,1,3893.2307
11053,0,5409.825
11054,0,4287.244
11055,0,4760.1934
11056,0,4173.6665
11057,0,5046.907
11058,1,4531.932
11059,0,4705.5137
11060,0,4680.0967
11061,0,4620.9136
11062,0,4349.4634
11063,1,4174.4043
11064,1,4316.9824
11065,1,4011.713
11066,1,4357.0894
11067,1,4623.018
11068,0,4322.244
11069,1,4308.201
11070,1,4366.8315
11071,1,4389.435
11072,0,4348.3433
11073,1,4166.484
11074,0,4499.226
11075,1,4458.9155
11076,1,4131.9043
11077,0,4561.5044
11078,0,4252.7295
11079,0,4226.965
11080,1,4482.37
11081,0,4055.6736
11082,0,4450.344
11083,0,4383.7065
11084,0,4328.637
11085,0,4585.8765
11086,0,4419.572
11087,0,4070.8342
11088,0,4332.457
11089,0,4505.0576
11090,1,4353.2866
11091,0,4698.282
11092,1,4110.016
11093,0,4861.205
11094,0,4239.697
11095,0,4125.5547
11096,0,4575.387
11097,1,4164.627
11098,1,4289.7734
11099,0,4414.16
11100,0,4297.012
11101,0,4481.5645
11102,0,4640.3813
11103,1,4165.3965
11104,0,4356.737
11105,0,4447.3276
11106,0,4843.3984
11107,0,4147.837
11108,0,4256.307
11109,1,4021.0117
11110,0,4214.2295
11111,0,3954.211
11112,0,4352.796
11113,0,7032.598
11114,0,4357.183
11115,0,4411.3257
11116,0,4101.3755
11117,0,4590.816
11118,0,4353.4126
11119,1,3826.525
11120,1,4877.64
11121,1,4298.3003
11122,1,4192.6787
11123,1,4494.177
11124,1,4144.704
11125,0,4195.165
11499,1,4175.055
11500,0,4310.0234
11501,0,4316.5283
11502,0,4066.967
11503,1,4185.5513
11504,0,4516.67
11505,0,4335.309
11506,0,4463.969
11507,0,4349.595
11508,1,4373.913
11509,1,4116.8213
11510,0,4314.573
11511,1,4454.9185
11512,1,4156.842
11513,1,4068.0527
11514,0,4085.483
11515,1,4192.4634
11516,0,4718.4863
11517,0,4171.6377
11518,0,4389.216
11519,0,3963.048
11520,0,3892.6406
11521,1,4106.247
11522,1,4352.3794
11523,0,4493.2344
11524,0,4027.8767
11525,0,4807.2373
11526,0,4098.0767
11527,0,4392.98
11528,1,4018.825
11529,1,3976.9868
11530,0,4054.3213
11531,0,4346.8813
11532,0,4120.47
11533,0,4397.794
11534,1,4047.2034
11535,0,4021.1855
11536,0,4271.372
11537,0,4266.5605
11538,1,4252.8535
11539,0,4358.805
11540,0,4337.616
11541,0,3983.1934
11542,1,4567.3237
11543,0,4151.4062
11544,1,4213.7676
11545,0,4398.3643
11546,1,4336.577
11547,0,4479.5234
11548,0,4399.845
11549,0,4139.533
11550,0,4683.799
11551,1,4330.869
11552,0,4447.6787
11553,1,4055.3198
11554,0,4988.9707
11555,0,4108.2085
11556,1,4236.801
11557,1,3956.3657
11558,1,4280.9365
11559,0,4041.9941
11560,0,4385.9683
11561,0,4394.0176
11562,1,4198.8
11563,1,4034.6423
11564,0,4332.827
11565,0,4190.751
11566,0,4520.645
11567,0,4617.4917
11568,0,4240.5234
11569,1,4178.3794
11570,0,4189.4033
11571,0,4308.894
11939,0,4156.21
11940,1,3950.593
11941,0,4065.4924
11942,0,4055.1475
11943,0,4127.791
11944,1,3774.3752
11945,1,4195.3457
11946,0,4457.734
11947,0,3884.4795
11948,1,4108.6904
11949,1,3937.092
11950,0,4277.3457
11951,0,3895.793
11952,0,4074.7493
11953,0,4336.396
11954,1,3903.2622
11955,0,3839.47
11956,1,3829.7363
11957,0,4019.1191
11958,0,4145.679
11959,0,3683.154
11960,1,3975.6284
11961,0,4168.048
11962,1,3860.282
11963,0,4026.9443
11964,1,3903.4165
11965,1,4033.026
11966,0,4188.073
11967,1,4128.7905
11968,0,4107.064
11969,0,4626.518
11970,0,3898.1184
11971,0,3860.2327
11972,0,3882.3806
11973,0,4166.575
11974,0,4003.4507
11975,0,3867.7644
11976,0,3836.517
11977,1,3864.1091
11978,0,4055.152
11979,1,3960.8625
11980,0,4176.8823
11981,0,3811.6482
11982,1,3838.9849
11983,0,4253.2515
11984,0,4147.5894
11985,1,4071.741
11986,0,4003.3586
11987,0,4121.0444
11988,0,3806.97
11989,0,3920.8508
11990,1,4047.256
11991,1,4002.2673
11992,1,4130.033
11993,1,4259.908
11994,0,4059.312
11995,0,4293.1753
11996,0,4094.804
11997,0,4080.5105
11998,0,4142.7383
11999,1,3881.224
12000,0,4137.6465
12001,0,4066.3035
12002,1,3988.8628
12003,0,4432.254
12004,0,3921.8662
12005,1,3980.427
12006,1,4272.492
12007,0,4268.1357
12008,0,4389.385
12009,0,4035.2725
12010,0,3929.9983
12011,1,4102.3013
12379,0,4295.7744
12380,0,4604.3696
12381,0,4165.3247
12382,0,4501.2573
12383,1,4175.552
12384,0,4117.6914
12385,0,4436.214
12386,1,4343.9727
12387,0,4693.1143
12388,0,4790.247
12389,0,4586.4507
12390,0,4562.5547
12391,1,4405.012
12392,0,4844.8477
12393,0,4669.5503
12394,1,4656.8516
12395,1,4748.7056
12396,0,4355.0845
12397,0,4097.0337
12398,0,4902.8716
12399,0,4244.714
12400,1,4410.628
12401,1,4240.929
12402,0,4550.9927
12403,1,4364.725
12404,1,3940.7144
12405,0,4373.0884
12406,0,4577.7153
12407,1,4139.9463
12408,1,4217.871
12409,0,4750.879
12410,0,4356.3125
12411,1,4362.934
12412,0,4496.4194
12413,1,4198.887
12414,0,4554.1836
12415,0,4324.8975
12416,0,4139.378
12417,0,4060.1453
12418,0,4251.0234
12419,1,4770.1694
12420,0,4591.622
12421,1,4321.1533
12422,1,4386.9834
12423,0,4555.662
12424,0,4926.03
12425,0,4162.5093
12426,1,4442.9185
12427,0,4867.542
12428,0,5127.665
12429,0,4300.9756
12430,0,4572.466
12431,0,4360.713
12432,0,4631.085
12433,1,4174.3086
12434,1,4381.235
12435,0,5148.093
12436,0,4369.1978
12437,1,4302.693
12438,0,4099.0054
12439,1,3931.8755
12440,0,4699.3354
12441,0,4584.861
12442,0,4269.061
12443,0,4799.7046
12444,1,4011.7695
12445,1,4280.8037
12446,0,4420.4385
12447,0,4254.9805
12448,1,4489.065
12449,0,4227.371
12450,1,4297.2964
12451,0,4083.3762
